card_id,grade,cost,name,dice_index,dice_kind,damage_type,min,max,use_type,use_text,trigger,effect_text
1,보급,0,회피,1,EVADE,,1,4,,,,
2,보급,0,회피 공격,1,EVADE,,1,4,,,,
2,보급,0,회피 공격,2,ATTACK,SLASH,1,2,,,,
3,한정,0,추충전,1,ATTACK,BLUNT,2,3,사용시,"빛 1 회복, 다음 턴에 마비 1을 받음",,
4,보급,0,추적,1,ATTACK,SLASH,1,4,사용시,체력 1 회복,,
5,보급,1,가벼운 공격,1,ATTACK,PIERCE,2,3,,,,
5,보급,1,가벼운 공격,2,ATTACK,BLUNT,1,4,,,,
6,보급,1,가벼운 방어,1,EVADE,,1,5,,,,
6,보급,1,가벼운 방어,2,DEFENSE,,2,3,,,,
6,보급,1,가벼운 방어,3,ATTACK,SLASH,1,2,,,,
7,보급,1,찌르기,1,ATTACK,PIERCE,1,4,,,,
7,보급,1,찌르기,2,ATTACK,PIERCE,1,4,,,,
8,보급,1,재빠름,1,ATTACK,BLUNT,1,4,사용시,다음 막에 신속 1을 얻음,,
8,보급,1,재빠름,2,EVADE,,1,6,사용시,다음 막에 신속 1을 얻음,,
9,고급,1,물어뜯기,1,ATTACK,SLASH,1,4,,,적중,다음 막에 출혈 1 부여
9,고급,1,물어뜯기,2,ATTACK,BLUNT,1,4,,,,
10,고급,1,골목 돌파,1,ATTACK,PIERCE,1,8,,,적중,다음 막에 출혈 1 부여
11,고급,1,튀어,1,EVADE,,1,6,,,,
11,고급,1,튀어,2,EVADE,,1,6,,,,
11,고급,1,튀어,3,ATTACK,BLUNT,1,4,,,,
12,고급,1,느낌 좋은데,1,ATTACK,SLASH,1,5,,,적중,다음 막에 취약 1 부여
12,고급,1,느낌 좋은데,2,DEFENSE,,3,4,,,,
13,보급,1,준비,1,ATTACK,PIERCE,2,3,,,,
13,보급,1,준비,2,DEFENSE,,3,4,,,합 승리,빛 1 회복
14,고급,1,버버티기,1,DEFENSE,,2,5,,,,
14,고급,1,버버티기,2,DEFENSE,,3,4,,,합 승리,다음 막에 마비 1 부여
14,고급,1,버버티기,3,ATTACK,BLUNT,1,3,,,적중,다음 막에 마비 1 부여
15,보급,2,공격과 수비,1,ATTACK,PIERCE,3,6,,,,
15,보급,2,공격과 수비,2,DEFENSE,,2,6,,,,
16,보급,2,때리기,1,ATTACK,BLUNT,2,6,,,,
16,보급,2,때리기,2,ATTACK,BLUNT,2,4,,,,
17,보급,2,선공,1,ATTACK,SLASH,3,5,,,,
17,보급,2,선공,2,EVADE,,1,8,,,,
18,보급,2,쥐의 생존법,1,DEFENSE,,1,6,,,,
18,보급,2,쥐의 생존법,2,ATTACK,SLASH,3,4,,,적중,다음 막에 출혈 1 부여
18,보급,2,쥐의 생존법,3,EVADE,,1,7,,,,
19,한정,2,더러운 타격,1,ATTACK,BLUNT,3,7,,,합 승리,출혈 1 부여
19,한정,2,더러운 타격,2,DEFENSE,,1,3,,,,
20,고급,2,느려,1,EVADE,,1,9,,,합 승리,자신의 다음 주사위 위력+2
20,고급,2,느려,2,ATTACK,SLASH,2,4,,,적중,다음 막에 취약 2 부여
21,한정,2,분투,1,DEFENSE,,2,6,사용시,보호 2를 얻음,,
21,한정,2,분투,2,DEFENSE,,2,5,사용시,보호 2를 얻음,,
21,한정,2,분투,3,ATTACK,BLUNT,2,6,사용시,보호 2를 얻음,,
22,보급,2,테스트 좀 해볼까,1,DEFENSE,,2,6,,,합 승리,대상의 다음 주사위 약화
22,보급,2,테스트 좀 해볼까,2,ATTACK,SLASH,2,4,,,,
22,보급,2,테스트 좀 해볼까,3,ATTACK,SLASH,2,3,,,,
23,보급,2,터터트려,1,ATTACK,PIERCE,1,6,,,적중,다음 막에 마비 1 부여
23,보급,2,터터트려,2,ATTACK,BLUNT,2,5,,,,
24,고급,2,퍼퍼석퍼석,1,ATTACK,SLASH,2,4,사용시,다음 막에 힘 2를 얻음,,
24,고급,2,퍼퍼석퍼석,2,EVADE,,3,4,사용시,다음 막에 힘 2를 얻음,,
25,보급,2,저절단,1,ATTACK,PIERCE,2,3,,,,
25,보급,2,저절단,2,ATTACK,SLASH,1,1,,,,
25,보급,2,저절단,3,ATTACK,SLASH,3,3,,,,
26,한정,2,압도,1,ATTACK,PIERCE,5,6,,,적중,다음 막에 출혈 2 부여
26,한정,2,압도,2,ATTACK,SLASH,2,3,,,,
27,보급,2,먼저간다,1,EVADE,,1,7,,,,
27,보급,2,먼저간다,2,ATTACK,PIERCE,2,2,,,적중,다음 막에 출혈 1 부여
27,보급,2,먼저간다,3,ATTACK,PIERCE,2,6,,,적중,다음 막에 출혈 1 부여
28,고급,2,받아내보시지,1,ATTACK,BLUNT,3,5,,,합 승리,대상의 다음 주사위 약화
28,고급,2,받아내보시지,2,ATTACK,PIERCE,3,4,,,적중,다음 막에 출혈 2 부여
29,고급,2,난도질,1,ATTACK,SLASH,1,6,,,적중,체력 1 회복
29,고급,2,난도질,2,ATTACK,SLASH,2,6,,,적중,체력 1 회복
30,보급,3,집중공격,1,ATTACK,SLASH,3,5,,,,
30,보급,3,집중공격,2,ATTACK,SLASH,3,5,,,,
30,보급,3,집중공격,3,ATTACK,PIERCE,1,3,,,,
31,한정,3,내장담기,1,ATTACK,SLASH,3,6,,,적중,다음 막에 출혈 1 부여
31,한정,3,내장담기,2,ATTACK,SLASH,3,5,,,적중,다음 막에 출혈 1 부여
31,한정,3,내장담기,3,DEFENSE,,1,4,,,,
32,한정,3,진두지휘,1,ATTACK,BLUNT,4,8,사용시,모든 아군에게 다음 막에 보호 1 부여,,
32,한정,3,진두지휘,2,DEFENSE,,3,4,사용시,모든 아군에게 다음 막에 보호 1 부여,,
32,한정,3,진두지휘,3,ATTACK,PIERCE,3,4,사용시,모든 아군에게 다음 막에 보호 1 부여,,
33,한정,3,이인생 한 방,1,ATTACK,BLUNT,1,12,,,적중,다음 막에 마비 2 부여
34,고급,3,광란,1,ATTACK,BLUNT,2,4,,,적중,다음 막에 출혈 1 부여
34,고급,3,광란,2,ATTACK,PIERCE,3,5,,,적중,다음 막에 출혈 1 부여
34,고급,3,광란,3,ATTACK,SLASH,3,5,,,,
35,보급,0,막치기,1,ATTACK,BLUNT,1,5,,,,
36,고급,0,갈증,1,ATTACK,PIERCE,3,4,,,적중,출혈 1 부여
37,보급,0,자료수집,1,ATTACK,SLASH,2,6,,,적중,화상 1 부여
38,보급,1,연속 방어,1,DEFENSE,,1,5,,,,
38,보급,1,연속 방어,2,DEFENSE,,3,5,,,,
38,보급,1,연속 방어,3,ATTACK,BLUNT,1,4,,,,
39,보급,1,속공,1,ATTACK,PIERCE,2,3,사용시,다음 막에 신속 2를 얻음,,
39,보급,1,속공,2,ATTACK,BLUNT,2,3,사용시,다음 막에 신속 2를 얻음,,
40,한정,1,싱싱하게,1,ATTACK,SLASH,3,4,,,,
40,한정,1,싱싱하게,2,EVADE,,1,12,,,,
41,보급,1,재료 손질,1,ATTACK,BLUNT,1,6,,,적중,다음 막에 마비 1 부여
41,보급,1,재료 손질,2,EVADE,,1,4,,,,
42,고급,1,요리 준비,1,DEFENSE,,4,5,,,,
42,고급,1,요리 준비,2,ATTACK,PIERCE,3,5,,,적중,출혈 2 부여
43,고급,1,잔혹함,1,ATTACK,BLUNT,2,6,,,적중,대상의 출혈 수만큼 HP 회복
43,고급,1,잔혹함,2,DEFENSE,,2,3,,,,
44,한정,1,쳐내기,1,DEFENSE,,3,4,,,,
44,한정,1,쳐내기,2,ATTACK,BLUNT,1,4,,,적중,다음 막에 마비 1 부여
44,한정,1,쳐내기,3,ATTACK,SLASH,1,4,,,,
45,고급,1,마음가짐,1,DEFENSE,,2,4,,,합 승리,다음 막에 인내 1을 얻음
45,고급,1,마음가짐,2,ATTACK,SLASH,2,6,,,,
46,고급,1,불빠따 맛 좀 봐,1,DEFENSE,,3,4,,,,
46,고급,1,불빠따 맛 좀 봐,2,EVADE,,1,8,,,합 승리,자신의 다음 주사위 강화
46,고급,1,불빠따 맛 좀 봐,3,ATTACK,BLUNT,3,3,,,적중,화상 2 부여
47,고급,1,재빠른 발걸음,1,ATTACK,SLASH,2,3,,,,
47,고급,1,재빠른 발걸음,2,EVADE,,1,6,,,방어시,체력 2 회복
47,고급,1,재빠른 발걸음,3,EVADE,,1,4,,,방어시,체력 2 회복
48,보급,1,마음가짐,1,DEFENSE,,1,6,,,합 승리,다음 막에 인내 1을 얻음
48,보급,1,마음가짐,2,ATTACK,BLUNT,4,5,,,,
49,보급,2,연속 타격,1,ATTACK,PIERCE,1,6,,,합 승리,자신의 다음 주사위 강화
49,보급,2,연속 타격,2,ATTACK,BLUNT,1,2,,,합 승리,자신의 다음 주사위 강화
49,보급,2,연속 타격,3,ATTACK,BLUNT,1,2,,,,
50,한정,2,무엇이든 요리할 수 있지,1,ATTACK,PIERCE,1,6,,,,
50,한정,2,무엇이든 요리할 수 있지,2,ATTACK,SLASH,4,4,,,적중,체력 4 회복
51,보급,2,재료 사냥,1,ATTACK,SLASH,2,6,,,적중,다음 막에 속박 2 부여
51,보급,2,재료 사냥,2,ATTACK,BLUNT,2,5,,,,
52,한정,2,불태우기,1,ATTACK,BLUNT,3,5,,,적중,"화상 3 부여, 자신에게 피해 3"
52,한정,2,불태우기,2,ATTACK,BLUNT,3,5,,,적중,"화상 3 부여, 자신에게 피해 3"
53,보급,3,강타,1,ATTACK,BLUNT,5,7,,,,
53,보급,3,강타,2,ATTACK,BLUNT,3,4,,,,
54,보급,3,연속공격,1,ATTACK,BLUNT,1,5,,,,
54,보급,3,연속공격,2,ATTACK,SLASH,2,6,,,,
54,보급,3,연속공격,3,ATTACK,SLASH,3,6,,,,
55,보급,0,견제,1,ATTACK,SLASH,1,3,,,,
55,보급,0,견제,2,ATTACK,BLUNT,1,4,,,,
56,보급,0,치안 수호,1,ATTACK,SLASH,2,6,,,합 승리,대상에게 피해 2
57,한정,0,잠깐!,1,ATTACK,PIERCE,2,3,사용시,빛 1 회복,,
58,고급,0,손 풀기,1,ATTACK,BLUNT,2,6,,,적중,빛 1 회복
59,보급,1,예리한 일격,1,ATTACK,PIERCE,3,6,,,,
60,보급,1,후방공격,1,EVADE,,1,8,,,,
60,보급,1,후방공격,2,ATTACK,BLUNT,2,3,,,,
60,보급,1,후방공격,3,ATTACK,SLASH,1,4,,,,
61,보급,1,맞서기,1,ATTACK,SLASH,1,6,,,적중,체력 2 회복
61,보급,1,맞서기,2,ATTACK,BLUNT,2,3,,,,
62,고급,1,고요한 밤,1,EVADE,,1,6,사용시,다음 막에 인내 2를 얻음,,
62,고급,1,고요한 밤,2,ATTACK,SLASH,1,4,사용시,다음 막에 인내 2를 얻음,,
62,고급,1,고요한 밤,3,ATTACK,PIERCE,1,4,사용시,다음 막에 인내 2를 얻음,,
63,한정,1,울타리,1,EVADE,,1,6,사용시,모든 아군에게 다음 막에 보호 1 부여,,
63,한정,1,울타리,2,ATTACK,SLASH,1,6,사용시,모든 아군에게 다음 막에 보호 1 부여,,
63,한정,1,울타리,3,DEFENSE,,3,4,사용시,모든 아군에게 다음 막에 보호 1 부여,,
64,한정,1,수호자,1,ATTACK,BLUNT,1,5,사용시,모든 아군에게 다음 막에 인내 1 부여,,
64,한정,1,수호자,2,ATTACK,SLASH,1,6,사용시,모든 아군에게 다음 막에 인내 1 부여,,
65,보급,1,흘려치기,1,DEFENSE,,2,4,,,,
65,보급,1,흘려치기,2,ATTACK,SLASH,3,5,,,적중,다음 막에 속박 2 부여
66,한정,1,맹습,1,ATTACK,PIERCE,2,3,사용시,비용이 가장 낮은 책장 1장을 버림,,
66,한정,1,맹습,2,ATTACK,SLASH,2,3,사용시,비용이 가장 낮은 책장 1장을 버림,,
66,한정,1,맹습,3,ATTACK,PIERCE,1,6,사용시,비용이 가장 낮은 책장 1장을 버림,,
67,한정,1,도박수,1,ATTACK,SLASH,3,6,사용시,비용이 가장 낮은 책장 1장을 버림,,
67,한정,1,도박수,2,ATTACK,BLUNT,3,6,사용시,비용이 가장 낮은 책장 1장을 버림,,
68,고급,1,침착하게,1,ATTACK,SLASH,2,4,,이 책장을 버리면 책장을 1장 뽑음,,
68,고급,1,침착하게,2,ATTACK,PIERCE,2,3,,이 책장을 버리면 책장을 1장 뽑음,,
68,고급,1,침착하게,3,ATTACK,BLUNT,2,3,,이 책장을 버리면 책장을 1장 뽑음,,
69,보급,1,신속보법,1,EVADE,,1,8,,,,
69,보급,1,신속보법,2,ATTACK,SLASH,2,8,,,,
70,보급,1,가르기,1,ATTACK,SLASH,1,3,,,,
70,보급,1,가르기,2,ATTACK,SLASH,1,4,,,,
70,보급,1,가르기,3,ATTACK,PIERCE,1,3,,,,
71,고급,1,가볍게,1,ATTACK,BLUNT,2,4,,,,
71,고급,1,가볍게,2,ATTACK,SLASH,2,6,,,,
72,보급,2,작렬,1,ATTACK,BLUNT,3,5,사용시,"비용이 가장 낮은 책장 1장을 버림, 빛 2 회복",,
72,보급,2,작렬,2,ATTACK,PIERCE,3,4,사용시,"비용이 가장 낮은 책장 1장을 버림, 빛 2 회복",,
73,한정,2,업무처리,1,ATTACK,SLASH,2,6,,,합 승리,자신의 다음 주사위 강화
73,한정,2,업무처리,2,ATTACK,SLASH,3,4,,,합 승리,자신의 다음 주사위 강화
73,한정,2,업무처리,3,DEFENSE,,2,6,,,,
74,고급,2,당신의 방패,1,DEFENSE,,2,4,,,합 승리,대상에게 피해 2
74,고급,2,당신의 방패,2,ATTACK,SLASH,2,5,,,,
74,고급,2,당신의 방패,3,ATTACK,SLASH,2,5,,,,
75,한정,2,전투 준비,1,ATTACK,SLASH,3,4,사용시,모든 아군에게 다음 막에 인내 2 부여,,
75,한정,2,전투 준비,2,DEFENSE,,2,4,사용시,모든 아군에게 다음 막에 인내 2 부여,,
75,한정,2,전투 준비,3,EVADE,,1,8,사용시,모든 아군에게 다음 막에 인내 2 부여,,
76,고급,2,회전베기,1,ATTACK,PIERCE,3,6,,,적중,다음 막에 마비 1 부여
76,고급,2,회전베기,2,ATTACK,SLASH,2,5,,,적중,다음 막에 출혈 1 부여
76,고급,2,회전베기,3,ATTACK,SLASH,1,2,,,,
77,고급,2,제압,1,ATTACK,BLUNT,5,7,,,,
77,고급,2,제압,2,ATTACK,PIERCE,2,4,,,,
78,한정,2,끝내주지,1,ATTACK,BLUNT,4,6,,,적중,다음 막에 마비 1 부여
78,한정,2,끝내주지,2,ATTACK,SLASH,3,5,,,적중,다음 막에 마비 1 부여
79,한정,2,충격 강타,1,ATTACK,BLUNT,4,12,,,,
80,고급,2,파괴 일격,1,ATTACK,SLASH,1,15,,,,
81,보급,2,난입,1,ATTACK,BLUNT,3,6,,,,
81,보급,2,난입,2,EVADE,,1,6,,,,
81,보급,2,난입,3,ATTACK,PIERCE,3,4,,,,
82,보급,2,으깨기,1,ATTACK,BLUNT,3,6,,,적중,다음 막에 출혈 2 부여
82,보급,2,으깨기,2,ATTACK,BLUNT,3,5,,,,
83,고급,3,역습,1,EVADE,,1,10,,,합 승리,자신의 다음 주사위 강화
83,고급,3,역습,2,ATTACK,PIERCE,4,5,,,,
83,고급,3,역습,3,ATTACK,PIERCE,3,4,,,,
84,고급,3,과감한 판단,1,ATTACK,SLASH,4,8,사용시,모든 책장을 버림,,
84,고급,3,과감한 판단,2,ATTACK,PIERCE,4,8,사용시,모든 책장을 버림,,
84,고급,3,과감한 판단,3,ATTACK,BLUNT,3,5,사용시,모든 책장을 버림,,
85,예술,3,됐고!,1,ATTACK,BLUNT,5,10,사용시,모든 주사위들이 '위력 -2'를 얻음,,
85,예술,3,됐고!,2,ATTACK,SLASH,5,10,사용시,모든 주사위들이 '위력 -2'를 얻음,,
85,예술,3,됐고!,3,ATTACK,BLUNT,5,10,사용시,모든 주사위들이 '위력 -2'를 얻음,,
86,고급,3,난투,1,ATTACK,BLUNT,3,6,사용시,모든 주사위가 제거되고 내 손에 있는 무작위 책장의 주사위로 교체됨,적중,빛 1 회복
86,고급,3,난투,2,ATTACK,SLASH,2,8,사용시,모든 주사위가 제거되고 내 손에 있는 무작위 책장의 주사위로 교체됨,,
86,고급,3,난투,3,ATTACK,SLASH,3,5,사용시,모든 주사위가 제거되고 내 손에 있는 무작위 책장의 주사위로 교체됨,,
86,고급,3,난투,4,ATTACK,SLASH,3,6,사용시,모든 주사위가 제거되고 내 손에 있는 무작위 책장의 주사위로 교체됨,,
87,보급,0,의뢰 처리,1,ATTACK,SLASH,1,6,,,적중,화상 1 부여
87,보급,0,의뢰 처리,2,DEFENSE,,3,4,,,,
88,보급,0,뒷골목의 규칙,1,ATTACK,SLASH,2,8,,,적중,책장을 1장 뽑음
89,고급,0,쾌속 찌르기,1,EVADE,,2,4,,,,
89,고급,0,쾌속 찌르기,2,ATTACK,PIERCE,1,5,,,,
89,고급,0,쾌속 찌르기,3,ATTACK,PIERCE,1,5,,,,
90,보급,0,사슬 맛 좀 볼래?,1,ATTACK,SLASH,3,5,사용시,"다음 막에 자신에게 출혈 1 부여, 빛 1 회복",적중,다음 막에 출혈 1 부여
91,보급,0,밤일낮장,1,ATTACK,PIERCE,2,6,,이 책장을 버리면 신속 1을 얻음,,
92,고급,1,맛있을 거예요?,1,ATTACK,SLASH,1,5,,,적중,체력 1 회복
92,고급,1,맛있을 거예요?,2,EVADE,,1,6,,,,
92,고급,1,맛있을 거예요?,3,ATTACK,SLASH,2,4,,,적중,체력 1 회복
93,보급,1,지령대로,1,DEFENSE,,2,6,,,합 승리,빛 1 회복
93,보급,1,지령대로,2,ATTACK,PIERCE,1,4,,,,
94,보급,1,기괴한 타격,1,EVADE,,2,5,,,,
94,보급,1,기괴한 타격,2,ATTACK,SLASH,1,4,,,적중,대상에게 흐트러짐 피해 5
95,고급,1,응사,1,ATTACK,PIERCE,1,8,원거리,일회성,적중,다음 막에 허약 1 부여
95,고급,1,응사,2,DEFENSE,,3,5,원거리,일회성,,
96,고급,1,근접전은 싫어,1,ATTACK,PIERCE,2,6,원거리,일회성,적중,다음 막에 허약 1 부여
96,고급,1,근접전은 싫어,2,ATTACK,PIERCE,2,6,원거리,일회성,,
96,고급,1,근접전은 싫어,3,EVADE,,3,8,원거리,일회성,,
97,보급,1,발사,1,ATTACK,BLUNT,2,6,원거리,일회성,,
97,보급,1,발사,2,ATTACK,BLUNT,2,6,원거리,일회성,,
97,보급,1,발사,3,ATTACK,PIERCE,1,5,원거리,일회성,,
98,보급,1,타겟 포착,1,ATTACK,PIERCE,2,6,원거리,일회성,,
98,보급,1,타겟 포착,2,ATTACK,PIERCE,2,6,원거리,일회성,적중,다음 막에 허약 1 부여
99,한정,1,여명의 섬광,1,ATTACK,SLASH,1,5,사용시,책장을 1장 뽑음,,
99,한정,1,여명의 섬광,2,EVADE,,1,4,사용시,책장을 1장 뽑음,합 승리,대상의 다음 주사위 위력 -2
99,한정,1,여명의 섬광,3,ATTACK,SLASH,1,6,사용시,책장을 1장 뽑음,적중,화상 1 부여
100,고급,1,기회 포착,1,DEFENSE,,3,5,,,,
100,고급,1,기회 포착,2,ATTACK,BLUNT,1,2,,,,대상이 마비 상태라면 위력+1
100,고급,1,기회 포착,3,ATTACK,BLUNT,1,2,,,,대상이 마비 상태라면 위력+1
100,고급,1,기회 포착,4,ATTACK,SLASH,1,2,,,,대상이 마비 상태라면 위력+1
101,고급,1,성가셔,1,ATTACK,PIERCE,1,5,,,적중,다음 막에 마비 1 부여
101,고급,1,성가셔,2,ATTACK,PIERCE,2,4,,,,
101,고급,1,성가셔,3,EVADE,,1,7,,,,
102,보급,1,피할 수 없는 시선,1,EVADE,,1,7,,,,
102,보급,1,피할 수 없는 시선,2,ATTACK,PIERCE,1,6,,,적중,다음 막에 마비 1 부여
103,고급,1,구름 장벽,1,DEFENSE,,2,7,,,,
103,고급,1,구름 장벽,2,DEFENSE,,2,4,,,,
103,고급,1,구름 장벽,3,ATTACK,SLASH,2,5,,,적중,다음 막에 출혈 1 부여
104,고급,1,뒷처리,1,ATTACK,SLASH,2,7,사용시,빛 2 회복,적중,다음 막에 출혈 1 부여
105,보급,1,검은 구름,1,ATTACK,BLUNT,2,6,전투 시작,이번 막 동안 참격으로 공격 적중시 대상에게 다음 막에 출혈 1 부여,,
105,보급,1,검은 구름,2,ATTACK,SLASH,2,5,전투 시작,이번 막 동안 참격으로 공격 적중시 대상에게 다음 막에 출혈 1 부여,,
106,보급,1,신나는 연주,1,ATTACK,BLUNT,3,7,,,,
106,보급,1,신나는 연주,2,ATTACK,SLASH,2,6,,,,
107,고급,1,붉은 음표,1,ATTACK,BLUNT,1,5,전투 시작,무작위 아군 1명에게 힘 1 부여,,
107,고급,1,붉은 음표,2,ATTACK,BLUNT,1,4,전투 시작,무작위 아군 1명에게 힘 1 부여,,
108,보급,1,물러터졌구나,1,ATTACK,BLUNT,3,6,사용시,다음 막에 자신에게 출혈 1 부여,적중,다음 막에 출혈 1 부여
108,보급,1,물러터졌구나,2,DEFENSE,,3,5,사용시,다음 막에 자신에게 출혈 1 부여,,
109,고급,1,정면 회피,1,EVADE,,3,7,,,,
109,고급,1,정면 회피,2,DEFENSE,,2,7,,,,
110,고급,1,우회적 공격,1,DEFENSE,,1,5,사용시,다음 막에 자신에게 출혈 1 부여,,
110,고급,1,우회적 공격,2,ATTACK,SLASH,4,7,사용시,다음 막에 자신에게 출혈 1 부여,적중,다음 막에 출혈 1 부여
111,보급,1,무기 손질,1,ATTACK,PIERCE,1,7,전투 시작,이번 막 동안 관통 위력 +1,,
112,보급,1,중계,1,ATTACK,BLUNT,2,5,,이 책장을 버리면 책장을 1장 뽑음,적중,다음 막에 취약 1 부여
112,보급,1,중계,2,EVADE,,1,8,,이 책장을 버리면 책장을 1장 뽑음,,
113,고급,2,식사,1,DEFENSE,,5,7,,,,
113,고급,2,식사,2,ATTACK,SLASH,3,4,,,적중,체력 2 회복
113,고급,2,식사,3,ATTACK,PIERCE,1,7,,,적중,체력 2 회복
114,한정,2,멋진 실이 나올 거예요,1,DEFENSE,,4,6,,,,
114,한정,2,멋진 실이 나올 거예요,2,ATTACK,BLUNT,1,3,,,,서로의 손에 '멋진 원단' 책장 추가
114,한정,2,멋진 실이 나올 거예요,3,ATTACK,BLUNT,1,2,,,,손에 있는 책장 수만큼 위력 증가
115,한정,3,멋진 원단,1,DEFENSE,,8,8,,이 책장은 3장까지만 보유 가능,,
115,한정,3,멋진 원단,2,EVADE,,6,8,,이 책장은 3장까지만 보유 가능,,
116,한정,2,무차별 사격,1,ATTACK,PIERCE,1,8,원거리,일회성,합 패배,자신의 다음 주사위 위력+2
116,한정,2,무차별 사격,2,ATTACK,PIERCE,1,8,원거리,일회성,합 패배,자신의 다음 주사위 위력+2
116,한정,2,무차별 사격,3,ATTACK,BLUNT,1,8,원거리,일회성,,
117,고급,2,가까이 오지마,1,ATTACK,PIERCE,4,7,원거리,일회성,,
117,고급,2,가까이 오지마,2,ATTACK,PIERCE,4,7,원거리,일회성,적중,다음 막에 허약 1 부여
117,고급,2,가까이 오지마,3,DEFENSE,,3,8,원거리,일회성,,
118,보급,2,헤드샷,1,ATTACK,PIERCE,5,12,원거리,일회성,적중,다음 막에 출혈 3 부여
119,고급,2,삶의 마침표,1,ATTACK,SLASH,3,7,,,,
119,고급,2,삶의 마침표,2,ATTACK,SLASH,3,7,,,적중,다음 막에 허약 1 부여
120,한정,2,그림자의 건너편,1,EVADE,,3,7,,,,
120,한정,2,그림자의 건너편,2,ATTACK,SLASH,2,5,,,적중,다음 막에 출혈 1 부여
120,한정,2,그림자의 건너편,3,ATTACK,SLASH,2,5,,,적중,다음 막에 출혈 2 부여
121,한정,2,나비 베기,1,ATTACK,BLUNT,2,7,,,,
121,한정,2,나비 베기,2,DEFENSE,,3,5,,,,
121,한정,2,나비 베기,3,ATTACK,SLASH,2,6,,,적중,화상 2 부여
122,고급,2,사출,1,ATTACK,PIERCE,3,5,,,,대상의 현재 주사위 위력 -1
122,고급,2,사출,2,ATTACK,PIERCE,3,5,,,,대상의 현재 주사위 위력 -1
122,고급,2,사출,3,DEFENSE,,2,4,,,,
123,보급,2,노을빛 검,1,ATTACK,SLASH,1,6,,,적중,화상 1 부여
123,보급,2,노을빛 검,2,ATTACK,SLASH,1,5,,,적중,화상 1 부여
123,보급,2,노을빛 검,3,ATTACK,BLUNT,2,7,,,적중,화상 1 부여
124,고급,2,낙인,1,ATTACK,PIERCE,3,6,사용시,부정 감정 1 누적,적중,화상 1 부여
124,고급,2,낙인,2,ATTACK,PIERCE,3,7,사용시,부정 감정 1 누적,적중,화상 1 부여
125,한정,2,파지지직,1,DEFENSE,,2,7,,,합 승리,다음 막에 마비 1 부여
125,한정,2,파지지직,2,DEFENSE,,1,7,,,합 승리,다음 막에 마비 1 부여
125,한정,2,파지지직,3,ATTACK,PIERCE,3,7,,,,
126,고급,2,전기 충격,1,ATTACK,BLUNT,2,8,,,적중,다음 막에 마비 1 부여
126,고급,2,전기 충격,2,ATTACK,PIERCE,2,7,,,적중,다음 막에 마비 1 부여
127,보급,2,구조의 분석,1,ATTACK,PIERCE,2,6,,,적중,다음 막에 마비 1 부여
127,보급,2,구조의 분석,2,ATTACK,PIERCE,3,5,,,,
127,보급,2,구조의 분석,3,DEFENSE,,2,7,,,,
128,한정,2,희미한 기억,1,EVADE,,2,8,사용시,자신의 체력이 25% 이하라면 모든 주사위 위력+2,,
128,한정,2,희미한 기억,2,ATTACK,SLASH,2,6,사용시,자신의 체력이 25% 이하라면 모든 주사위 위력+2,,
128,한정,2,희미한 기억,3,ATTACK,BLUNT,2,6,사용시,자신의 체력이 25% 이하라면 모든 주사위 위력+2,,
129,고급,2,날카로운 칼날,1,ATTACK,SLASH,1,3,전투 시작,이번 막 동안 참격 위력 +2,,
129,고급,2,날카로운 칼날,2,ATTACK,SLASH,1,3,전투 시작,이번 막 동안 참격 위력 +2,적중,다음 막에 출혈 2 부여
129,고급,2,날카로운 칼날,3,DEFENSE,,4,5,전투 시작,이번 막 동안 참격 위력 +2,,
130,고급,2,쾌청 베기,1,ATTACK,BLUNT,1,5,,,합 패배,자신의 다음 주사위 위력+2
130,고급,2,쾌청 베기,2,ATTACK,SLASH,3,9,,,적중,다음 막에 출혈 2 부여
131,한정,2,흩어지는 검격,1,EVADE,,1,9,전투 시작,보호 3을 얻음,,
131,한정,2,흩어지는 검격,2,ATTACK,SLASH,2,7,전투 시작,보호 3을 얻음,,
131,한정,2,흩어지는 검격,3,DEFENSE,,2,5,전투 시작,보호 3을 얻음,,
132,고급,2,고요한 안개,1,ATTACK,BLUNT,2,7,사용시,다음 막에 보호 3을 얻음,적중,다음 막에 출혈 1 부여
132,고급,2,고요한 안개,2,ATTACK,SLASH,2,7,사용시,다음 막에 보호 3을 얻음,,
132,고급,2,고요한 안개,3,DEFENSE,,2,3,사용시,다음 막에 보호 3을 얻음,,
133,한정,2,잊을 수 없는 선율,1,ATTACK,SLASH,3,5,전투 시작,무작위 아군 2명에게 힘 1 부여,,
133,한정,2,잊을 수 없는 선율,2,DEFENSE,,2,3,전투 시작,무작위 아군 2명에게 힘 1 부여,,
133,한정,2,잊을 수 없는 선율,3,ATTACK,BLUNT,2,6,전투 시작,무작위 아군 2명에게 힘 1 부여,,
134,고급,2,음악의 성지,1,ATTACK,BLUNT,2,4,사용시,무작위 적 1명에게 허약 1 부여,,
134,고급,2,음악의 성지,2,ATTACK,BLUNT,3,9,사용시,무작위 적 1명에게 허약 1 부여,,
134,고급,2,음악의 성지,3,DEFENSE,,1,2,사용시,무작위 적 1명에게 허약 1 부여,,
135,보급,2,힘줄의 소리,1,ATTACK,BLUNT,3,5,,,적중,무작위 아군 2명에게 다음 막에 힘 1 부여
135,보급,2,힘줄의 소리,2,ATTACK,SLASH,3,5,,,적중,무작위 아군 2명의 체력 3 회복
136,고급,2,섬광의 창,1,ATTACK,PIERCE,3,7,사용시,책장을 1장 뽑음,,
136,고급,2,섬광의 창,2,ATTACK,PIERCE,3,7,사용시,책장을 1장 뽑음,,
137,보급,2,창 휩쓸기,1,ATTACK,SLASH,4,7,,,합 승리,대상에게 피해 2
137,보급,2,창 휩쓸기,2,ATTACK,PIERCE,3,5,,,,
138,한정,2,이글거리는 검,1,ATTACK,SLASH,3,7,,,적중,화상 2 부여
138,한정,2,이글거리는 검,2,ATTACK,PIERCE,3,7,,,적중,화상 2 부여
139,한정,2,깃털 방패,1,DEFENSE,,3,7,,,합 승리,화상 2 부여
139,한정,2,깃털 방패,2,DEFENSE,,3,7,,,합 승리,화상 2 부여
139,한정,2,깃털 방패,3,ATTACK,SLASH,2,4,,,,
140,고급,2,지금이 기회야,1,ATTACK,SLASH,3,7,사용시,"자신에게 출혈을 3 부여, 이 책장의 모든 주사위 위력 +2",적중,다음 막에 출혈 1 부여
140,고급,2,지금이 기회야,2,ATTACK,BLUNT,3,6,사용시,"자신에게 출혈을 3 부여, 이 책장의 모든 주사위 위력 +2",적중,다음 막에 출혈 1 부여
141,한정,2,정면 승부,1,ATTACK,SLASH,3,7,사용시,다음 막에 자신에게 출혈 1 부여,적중,다음 막에 출혈 1 부여
141,한정,2,정면 승부,2,ATTACK,SLASH,4,7,사용시,다음 막에 자신에게 출혈 1 부여,적중,다음 막에 출혈 1 부여
142,보급,2,찌르고 터트리기,1,ATTACK,PIERCE,3,7,,,합 승리,자신의 다음 주사위 최대값 +3
142,보급,2,찌르고 터트리기,2,ATTACK,PIERCE,3,6,,,,
143,고급,2,숫질,1,ATTACK,BLUNT,3,5,,,합 승리,빛 1 회복
143,고급,2,숫질,2,ATTACK,PIERCE,2,8,,,합 승리,다음 막에 힘 1을 얻음
144,고급,2,판 엎기,1,ATTACK,BLUNT,3,6,,이 책장을 버리면 다음 막 모든 아군에게 신속 1 부여,적중,다음 막에 마비 1 부여
144,고급,2,판 엎기,2,ATTACK,BLUNT,2,6,,이 책장을 버리면 다음 막 모든 아군에게 신속 1 부여,합 승리,다음 막에 마비 1 부여
145,고급,2,손패 섞기,1,DEFENSE,,3,6,사용시,비용이 가장 낮은 책장 1장을 버린다. 책장을 1장 뽑음,,
145,고급,2,손패 섞기,2,ATTACK,BLUNT,3,7,사용시,비용이 가장 낮은 책장 1장을 버린다. 책장을 1장 뽑음,,
146,한정,3,한 점만 노리겠어,1,ATTACK,PIERCE,6,20,원거리,일회성,적중,다음 막에 취약 2 부여
147,예술,3,새벽녘,1,DEFENSE,,3,8,사용시,무작위로 다른 아군 2명에게 보호 2 부여,,
147,예술,3,새벽녘,2,ATTACK,SLASH,7,18,사용시,무작위로 다른 아군 2명에게 보호 2 부여,적중,화상 3 부여
148,한정,3,관측,1,DEFENSE,,2,6,사용시,다음 막에 힘 3을 얻음,,
148,한정,3,관측,2,ATTACK,BLUNT,2,4,사용시,다음 막에 힘 3을 얻음,적중,다음 막에 마비 1 부여
148,한정,3,관측,3,ATTACK,BLUNT,1,5,사용시,다음 막에 힘 3을 얻음,,
149,한정,3,구속의 팔,1,ATTACK,BLUNT,5,15,사용시,이 책장의 비용 1 감소(최대 2번),적중,다음 막에 마비 1 부여
150,한정,3,고통의 분노,1,ATTACK,BLUNT,2,8,사용시,"자신에게 피해 7, 모든 주사위 위력+2",,
150,한정,3,고통의 분노,2,ATTACK,BLUNT,2,8,사용시,"자신에게 피해 7, 모든 주사위 위력+2",,
150,한정,3,고통의 분노,3,ATTACK,SLASH,2,7,사용시,"자신에게 피해 7, 모든 주사위 위력+2",,
151,한정,3,묵직한 소리,1,ATTACK,BLUNT,5,18,전투 시작,무작위 적 2명에게 허약 1 부여,,
152,한정,3,맹연습,1,EVADE,,1,5,사용시,빛 2 회복,,
152,한정,3,맹연습,2,ATTACK,BLUNT,3,8,사용시,빛 2 회복,,
152,한정,3,맹연습,3,ATTACK,SLASH,3,7,사용시,빛 2 회복,,
153,한정,3,꿰뚫기,1,ATTACK,PIERCE,6,18,,,적중,대상에게 피해 5
153,한정,3,꿰뚫기,2,DEFENSE,,2,7,,,,
154,한정,3,격돌,1,ATTACK,PIERCE,4,8,,,합 승리,빛 1 회복
154,한정,3,격돌,2,ATTACK,PIERCE,4,8,,,합 승리,빛 1 회복
155,한정,3,죽어,1,ATTACK,BLUNT,1,8,사용시,"자신에게 출혈을 5 부여, 이 책장의 모든 주사위 위력 +3",적중,다음 막에 출혈 1 부여
155,한정,3,죽어,2,DEFENSE,,2,7,사용시,"자신에게 출혈을 5 부여, 이 책장의 모든 주사위 위력 +3",,
155,한정,3,죽어,3,ATTACK,SLASH,3,8,사용시,"자신에게 출혈을 5 부여, 이 책장의 모든 주사위 위력 +3",적중,다음 막에 출혈 1 부여
156,한정,3,제련,1,ATTACK,PIERCE,3,5,전투 시작,이번 막 동안 관통 위력 +2,합 승리,자신의 다음 주사위 최대값 +3
156,한정,3,제련,2,ATTACK,SLASH,2,4,전투 시작,이번 막 동안 관통 위력 +2,합 승리,자신의 다음 주사위 최대값 +3
156,한정,3,제련,3,ATTACK,PIERCE,2,4,전투 시작,이번 막 동안 관통 위력 +2,,
157,한정,3,앵화,1,EVADE,,2,6,사용시,손에 있는 책장이 4장 이상이라면 무작위 4장을 버림. 4장을 버렸다면 공격 주사위 최소값 +3,,
157,한정,3,앵화,2,ATTACK,SLASH,2,6,사용시,손에 있는 책장이 4장 이상이라면 무작위 4장을 버림. 4장을 버렸다면 공격 주사위 최소값 +3,,
157,한정,3,앵화,3,ATTACK,BLUNT,2,5,사용시,손에 있는 책장이 4장 이상이라면 무작위 4장을 버림. 4장을 버렸다면 공격 주사위 최소값 +3,,
158,한정,4,재단,1,ATTACK,PIERCE,6,10,,,적중,다음 막에 출혈 3 부여
158,한정,4,재단,2,ATTACK,PIERCE,6,10,,,적중,다음 막에 출혈 3 부여
159,한정,4,먹칠,1,ATTACK,SLASH,1,6,,,,손에 있는 책장 수만큼 위력 증가
159,한정,4,먹칠,2,DEFENSE,,2,8,,,,
159,한정,4,먹칠,3,ATTACK,SLASH,3,10,,,적중,다음 막에 출혈 3 부여
160,고급,0,위기 극복,1,ATTACK,SLASH,2,7,사용시,책장을 1장 뽑음,적중,체력이 25% 이하면 빛 1 회복
161,고급,0,인형 방패,1,DEFENSE,,2,7,사용시,빛 1 회복,,
161,고급,0,인형 방패,2,ATTACK,BLUNT,2,4,사용시,빛 1 회복,,
162,보급,0,에너지 순환,1,ATTACK,PIERCE,2,7,사용시,충전 3을 얻음,적중,빛 1 회복
162,보급,0,에너지 순환,2,ATTACK,BLUNT,2,4,사용시,충전 3을 얻음,,
163,보급,0,곰방대,1,DEFENSE,,3,8,사용시,연기 2를 얻음. 빛 1 회복,,
163,보급,0,곰방대,2,EVADE,,1,6,사용시,연기 2를 얻음. 빛 1 회복,,
164,보급,0,앙가즈망,1,ATTACK,SLASH,1,8,사용시,자신의 손에 '앙가드' 전투 책장 추가,,
165,보급,2,앙가드,1,ATTACK,SLASH,6,10,사용시,자신과 대상에게 다음 막에 힘 1 부여,,
166,보급,0,발검,1,ATTACK,SLASH,3,6,사용시,빛 1 회복,,
167,고급,1,비검,1,ATTACK,SLASH,2,6,사용시,다음 막에 신속 2를 얻음,,
167,고급,1,비검,2,ATTACK,SLASH,3,7,사용시,다음 막에 신속 2를 얻음,,
168,보급,1,필사적인 사투,1,ATTACK,SLASH,3,5,사용시,"자신에게 피해 5, 이 책장의 모든 주사위 위력+2",,
168,보급,1,필사적인 사투,2,ATTACK,SLASH,2,5,사용시,"자신에게 피해 5, 이 책장의 모든 주사위 위력+2",,
169,고급,1,기기긱,1,DEFENSE,,3,6,사용시,빛 2 회복,,
169,고급,1,기기긱,2,ATTACK,BLUNT,3,6,사용시,빛 2 회복,,
170,고급,1,서커스 칼날,1,ATTACK,BLUNT,3,7,,,적중,다음 막에 출혈 2 부여
170,고급,1,서커스 칼날,2,ATTACK,SLASH,2,6,,,,
171,고급,1,저글링,1,ATTACK,BLUNT,6,11,원거리,일회성,적중,다음 막에 마비 1 부여
172,고급,1,와일드 카드,1,ATTACK,PIERCE,4,8,원거리,이 책장은 사용 후에 소멸됨,적중,체력 2 회복
172,고급,1,와일드 카드,2,ATTACK,BLUNT,3,8,원거리,이 책장은 사용 후에 소멸됨,,
173,보급,1,연료 뽑기,1,ATTACK,PIERCE,3,7,사용시,빛 2 회복,적중,체력 2 회복
173,보급,1,연료 뽑기,2,DEFENSE,,2,6,사용시,빛 2 회복,,
174,보급,1,뒷골목의 밤,1,ATTACK,BLUNT,6,9,전투 개시,이번 막 동안 모든 주사위의 위력 -2,적중,체력 3 회복
174,보급,1,뒷골목의 밤,2,ATTACK,PIERCE,5,9,전투 개시,이번 막 동안 모든 주사위의 위력 -2,적중,체력 2 회복
175,보급,1,믿음,1,ATTACK,PIERCE,3,8,사용시,빛 1 회복,,
175,보급,1,믿음,2,ATTACK,SLASH,2,6,사용시,빛 1 회복,,
176,한정,1,목표 포착,1,DEFENSE,,2,5,,"내 손에 책장이 7장 이상이라면, 이 책장의 모든 주사위 위력 +2",,
176,한정,1,목표 포착,2,DEFENSE,,2,5,,"내 손에 책장이 7장 이상이라면, 이 책장의 모든 주사위 위력 +2",,
176,한정,1,목표 포착,3,ATTACK,PIERCE,3,7,,"내 손에 책장이 7장 이상이라면, 이 책장의 모든 주사위 위력 +2",적중,다음 막에 속박 1 부여
177,고급,1,수행자의 검,1,ATTACK,BLUNT,7,11,전투 시작,이번 막 동안 모든 주사위의 위력 -3,,
177,고급,1,수행자의 검,2,ATTACK,PIERCE,7,10,전투 시작,이번 막 동안 모든 주사위의 위력 -3,,
178,보급,1,되돌리기,1,EVADE,,2,9,사용시,충전 4을 얻음,,
178,보급,1,되돌리기,2,DEFENSE,,2,5,사용시,충전 4을 얻음,,
178,보급,1,되돌리기,3,ATTACK,PIERCE,2,6,사용시,충전 4을 얻음,적중,체력 2 회복
179,보급,1,도약,1,ATTACK,PIERCE,3,7,사용시,다음 막에 신속 1을 얻음. 충전 3을 소모하여 책장을 2장 뽑음.,,
179,보급,1,도약,2,ATTACK,BLUNT,3,5,사용시,다음 막에 신속 1을 얻음. 충전 3을 소모하여 책장을 2장 뽑음.,,
180,고급,1,연기 흡입,1,DEFENSE,,2,8,사용시,연기 3을 얻음,,
180,고급,1,연기 흡입,2,ATTACK,BLUNT,3,8,사용시,연기 3을 얻음,적중,연기 4를 얻음
181,보급,1,숨은 칼날,1,EVADE,,2,9,사용시,연기 2를 소모하여 이 책장의 모든 주사위 위력 +2,,
181,보급,1,숨은 칼날,2,ATTACK,SLASH,4,8,사용시,연기 2를 소모하여 이 책장의 모든 주사위 위력 +2,적중,다음 막에 출혈 3 부여
182,보급,1,리포스트,1,DEFENSE,,3,7,,,합 승리,자신의 다음 주사위 위력 +1
182,보급,1,리포스트,2,ATTACK,SLASH,4,8,,,,
183,고급,1,자법,1,ATTACK,PIERCE,3,7,전투 시작,이번 막 동안 참격 위력 +1,적중,자신의 다음 주사위 최대값 +2
183,고급,1,자법,2,ATTACK,SLASH,2,4,전투 시작,이번 막 동안 참격 위력 +1,합 승리,빛 1 회복
184,한정,2,극검,1,ATTACK,SLASH,6,12,,,적중,다음 막에 무장 해제 1 부여
185,한정,2,섬격,1,ATTACK,SLASH,3,7,사용시,속도가 6 이상이면 이 책장의 모든 주사위 위력+2,,
185,한정,2,섬격,2,ATTACK,SLASH,3,6,사용시,속도가 6 이상이면 이 책장의 모든 주사위 위력+2,,
185,한정,2,섬격,3,EVADE,,2,5,사용시,속도가 6 이상이면 이 책장의 모든 주사위 위력+2,,
186,보급,2,끝 없는 전투,1,DEFENSE,,4,7,사용시,자신의 체력이 25% 이하라면 이 책장의 모든 주사위 위력+1,,
186,보급,2,끝 없는 전투,2,ATTACK,BLUNT,3,6,사용시,자신의 체력이 25% 이하라면 이 책장의 모든 주사위 위력+1,,
186,보급,2,끝 없는 전투,3,ATTACK,SLASH,3,7,사용시,자신의 체력이 25% 이하라면 이 책장의 모든 주사위 위력+1,,
187,고급,2,꼭두각시,1,DEFENSE,,4,8,,,,
187,고급,2,꼭두각시,2,EVADE,,3,9,,,,
187,고급,2,꼭두각시,3,ATTACK,BLUNT,4,8,,,적중,다음 막에 무장 해제 1 부여
188,고급,2,삐그덕,1,ATTACK,BLUNT,5,8,,,,
188,고급,2,삐그덕,2,ATTACK,BLUNT,3,7,,,,
188,고급,2,삐그덕,3,DEFENSE,,4,6,,,,
189,예술,2,333..1973,1,ATTACK,PIERCE,3,8,일회성,,,
189,예술,2,333..1973,2,DEFENSE,,3,7,일회성,,,
190,고급,2,뒷골목 청소,1,ATTACK,PIERCE,4,7,,,적중,다음 막에 마비 2 부여
190,고급,2,뒷골목 청소,2,DEFENSE,,2,6,,,,
190,고급,2,뒷골목 청소,3,ATTACK,SLASH,3,7,,,적중,체력 3 회복
191,한정,2,가족을 위하여,1,ATTACK,PIERCE,4,7,전투 시작,무작위 아군 2명에게 다음 막에 보호 1 부여,적중,다음 막에 출혈 2 부여
191,한정,2,가족을 위하여,2,EVADE,,3,7,전투 시작,무작위 아군 2명에게 다음 막에 보호 1 부여,,
191,한정,2,가족을 위하여,3,ATTACK,BLUNT,3,7,전투 시작,무작위 아군 2명에게 다음 막에 보호 1 부여,,
192,고급,2,지령이 향하는 곳,1,ATTACK,PIERCE,4,7,사용시,"중복된 책장을 보유하고 있지 않다면, 이 책장의 모든 주사위 위력 +1",적중,다음 막에 취약 1 부여
192,고급,2,지령이 향하는 곳,2,ATTACK,PIERCE,3,7,사용시,"중복된 책장을 보유하고 있지 않다면, 이 책장의 모든 주사위 위력 +1",,
193,고급,2,지령 수행,1,ATTACK,BLUNT,3,6,사용시,"중복된 책장을 보유하고 있지 않다면, 이 책장의 모든 주사위 위력 +1",,
193,고급,2,지령 수행,2,ATTACK,BLUNT,3,5,사용시,"중복된 책장을 보유하고 있지 않다면, 이 책장의 모든 주사위 위력 +1",,
193,고급,2,지령 수행,3,ATTACK,PIERCE,1,4,사용시,"중복된 책장을 보유하고 있지 않다면, 이 책장의 모든 주사위 위력 +1",,
194,한정,2,처형,1,ATTACK,SLASH,3,5,,,,중복된 책장을 보유하고 있지 않다면 위력 +4
194,한정,2,처형,2,ATTACK,SLASH,3,6,,,,
195,고급,2,차원의 틈,1,ATTACK,SLASH,4,8,사용시,충전 6을 얻음,,
195,고급,2,차원의 틈,2,ATTACK,SLASH,3,8,사용시,충전 6을 얻음,,
196,한정,2,포 뜨기,1,ATTACK,SLASH,4,8,사용시,연기 2를 소모하여 이 책장의 모든 주사위 위력 +2,적중,
196,한정,2,포 뜨기,2,ATTACK,SLASH,3,7,사용시,연기 2를 소모하여 이 책장의 모든 주사위 위력 +2,적중,대상에게 있는 (연기x0.5) 만큼 출혈 부여
197,고급,2,연기의 궤적,1,ATTACK,BLUNT,4,8,,,적중,연기 1 부여
197,고급,2,연기의 궤적,2,ATTACK,BLUNT,3,7,,,적중,연기 2 부여
197,고급,2,연기의 궤적,3,DEFENSE,,3,5,,,,
198,보급,2,맹렬한 돌진,1,ATTACK,SLASH,7,12,,,적중,화상 3 부여
199,보급,2,플레쉬,1,ATTACK,PIERCE,5,13,,,합 승리,흐트러짐 피해 4. 다음 막에 취약 1 부여
200,한정,2,처단,1,ATTACK,SLASH,3,8,,,합 승리,다음 막에 힘 1을 얻음
200,한정,2,처단,2,ATTACK,SLASH,3,6,,,적중,빛 1 회복
201,한정,3,자동 이동,1,EVADE,,2,9,사용시,다음 막에 신속 2를 얻음,합 승리,자신의 다음 주사위 위력 +2
201,한정,3,자동 이동,2,ATTACK,BLUNT,3,8,사용시,다음 막에 신속 2를 얻음,,
201,한정,3,자동 이동,3,ATTACK,BLUNT,4,7,사용시,다음 막에 신속 2를 얻음,,
201,한정,3,자동 이동,4,EVADE,,3,8,사용시,다음 막에 신속 2를 얻음,,
202,예술,3,억압당한 육체,1,DEFENSE,,4,7,사용시,책장을 1장 뽑음,,
202,예술,3,억압당한 육체,2,ATTACK,BLUNT,4,9,사용시,책장을 1장 뽑음,,대상의 현재 수비 주사위 위력 -3
202,예술,3,억압당한 육체,3,ATTACK,BLUNT,4,9,사용시,책장을 1장 뽑음,적중,대상에게 흐트러짐 피해 3
202,예술,3,억압당한 육체,4,ATTACK,BLUNT,3,7,사용시,책장을 1장 뽑음,,
203,한정,3,묵직한 일격,1,DEFENSE,,4,8,사용시,책장을 1장 뽑음,,
203,한정,3,묵직한 일격,2,ATTACK,BLUNT,5,16,사용시,책장을 1장 뽑음,적중,"다음 막에 허약 1, 무장해제 1, 속박 1 부여"
204,고급,3,예리한 손톱,1,DEFENSE,,4,8,,,,
204,고급,3,예리한 손톱,2,ATTACK,BLUNT,5,8,,,,
204,고급,3,예리한 손톱,3,ATTACK,PIERCE,4,9,,,적중,흐트러짐 저항 5 회복
204,고급,3,예리한 손톱,4,ATTACK,SLASH,3,7,,,,
205,보급,3,지령의 뜻,1,EVADE,,3,8,사용시,중복된 책장을 보유하고 있지 않다면 책장을 3장 뽑음,,
205,보급,3,지령의 뜻,2,ATTACK,PIERCE,4,8,사용시,중복된 책장을 보유하고 있지 않다면 책장을 3장 뽑음,,
205,보급,3,지령의 뜻,3,ATTACK,PIERCE,4,7,사용시,중복된 책장을 보유하고 있지 않다면 책장을 3장 뽑음,,
206,한정,3,파동,1,EVADE,,2,5,사용시,충전 3을 사용하여 이 책장의 모든 주사위 위력 +3,합 패배,자신의 다음 주사위 위력 +2
206,한정,3,파동,2,ATTACK,BLUNT,5,17,사용시,충전 3을 사용하여 이 책장의 모든 주사위 위력 +3,적중,다음 막에 속박 2 부여
207,고급,3,과충전,1,ATTACK,PIERCE,5,13,사용시,충전 10를 얻고 다음 막에 행동불가 상태가 됨,,
207,고급,3,과충전,2,ATTACK,SLASH,4,12,사용시,충전 10를 얻고 다음 막에 행동불가 상태가 됨,,
207,고급,3,과충전,3,ATTACK,PIERCE,5,11,사용시,충전 10를 얻고 다음 막에 행동불가 상태가 됨,,
207,고급,3,과충전,4,DEFENSE,,2,6,사용시,충전 10를 얻고 다음 막에 행동불가 상태가 됨,,
208,고급,3,깊은 숨결,1,ATTACK,BLUNT,6,19,사용시,책장을 1장 뽑음,적중,연기 7 부여
208,고급,3,깊은 숨결,2,EVADE,,1,9,사용시,책장을 1장 뽑음,,
209,고급,3,감각 상실,1,DEFENSE,,5,8,,,,
209,고급,3,감각 상실,2,ATTACK,BLUNT,5,9,,,적중,대상에게 연기가 7 이상 있다면 마비 2와 허약 1 부여
209,고급,3,감각 상실,3,ATTACK,SLASH,4,9,,,적중,대상에게 연기가 3 이상 있다면 책장을 2장 뽑음
210,보급,3,물리네,1,ATTACK,SLASH,5,9,,,합 승리,마지막 주사위 최대값 +2
210,보급,3,물리네,2,ATTACK,BLUNT,5,9,,,합 승리,마지막 주사위 최대값 +2
210,보급,3,물리네,3,ATTACK,SLASH,3,8,,,합 승리,다음 막에 취약 2 부여
211,예술,3,살주,1,ATTACK,SLASH,3,6,전투 시작,이번 막 동안 참격 위력 +3,,
211,예술,3,살주,2,DEFENSE,,2,8,전투 시작,이번 막 동안 참격 위력 +3,,
212,보급,0,정면 돌파,1,ATTACK,PIERCE,2,7,사용시,빛 1 회복,,
212,보급,0,정면 돌파,2,ATTACK,PIERCE,1,2,사용시,빛 1 회복,,
213,보급,0,해금 - I,1,ATTACK,SLASH,2,6,일회성,,,
214,보급,0,해금 - II,1,ATTACK,SLASH,2,6,일회성,,,
214,보급,0,해금 - II,2,ATTACK,PIERCE,1,3,일회성,,,
215,보급,0,해금 - III,1,ATTACK,SLASH,3,7,사용시,빛 1 회복. 책장을 1장 뽑는다,적중,연기 2 부여
215,보급,0,해금 - III,2,ATTACK,PIERCE,2,4,사용시,빛 1 회복. 책장을 1장 뽑는다,,
216,보급,0,일점 찌르기,1,ATTACK,PIERCE,3,9,사용시,다음 막 시작에 덱에 있는 다른 '일점 찌르기'를 모두 뽑는다.,적중,화상 1 부여
217,보급,0,풀뜯기,1,DEFENSE,,3,7,사용시,빛 1 회복. 충전 3을 얻음,,
217,보급,0,풀뜯기,2,ATTACK,PIERCE,3,4,사용시,빛 1 회복. 충전 3을 얻음,,
219,한정,0,의지의 검,1,ATTACK,BLUNT,3,7,,이 책장의 비용은 자신의 최대 빛과 같아진다.,,
219,한정,0,의지의 검,2,ATTACK,SLASH,3,7,,이 책장의 비용은 자신의 최대 빛과 같아진다.,,
219,한정,0,의지의 검,3,ATTACK,PIERCE,2,5,,이 책장의 비용은 자신의 최대 빛과 같아진다.,,
220,보급,0,틈새 공격,1,DEFENSE,,4,6,사용시,다음 막에 신속 1을 얻음,,
220,보급,0,틈새 공격,2,ATTACK,PIERCE,3,8,사용시,다음 막에 신속 1을 얻음,합 승리,다음 막에 속박 1 부여
221,보급,0,하르페,1,ATTACK,BLUNT,1,2,,,,
221,보급,0,하르페,2,ATTACK,BLUNT,2,7,,,적중,보호 1을 얻음
222,보급,0,맞바꾸기,1,ATTACK,BLUNT,3,6,,이 책장을 버리면 책장을 1장 뽑음,적중,다음 막에 마비 1 부여
222,보급,0,맞바꾸기,2,ATTACK,SLASH,3,5,,이 책장을 버리면 책장을 1장 뽑음,,
223,보급,0,시범 사용,1,ATTACK,BLUNT,2,6,사용시,연기 3을 얻음,,
223,보급,0,시범 사용,2,ATTACK,SLASH,2,3,사용시,연기 3을 얻음,,
224,보급,0,쐐기 찌르기,1,ATTACK,PIERCE,3,6,사용시,빛 1 회복,,
224,보급,0,쐐기 찌르기,2,ATTACK,PIERCE,1,3,사용시,빛 1 회복,적중,다음 막에 취약 1 부여
225,고급,1,짓이기기,1,ATTACK,SLASH,3,6,,,적중,다음 막에 출혈 1 부여
225,고급,1,짓이기기,2,ATTACK,SLASH,3,5,,,적중,다음 막에 출혈 1 부여
225,고급,1,짓이기기,3,DEFENSE,,3,7,,,,
226,고급,1,몰아치기,1,ATTACK,BLUNT,3,7,전투 시작,이번 막 동안 모든 공격 주사위 피해량+1,,대상의 현재 수비 주사위 위력 -2
226,고급,1,몰아치기,2,ATTACK,PIERCE,3,7,전투 시작,이번 막 동안 모든 공격 주사위 피해량+1,적중,화상 1 부여
227,보급,1,올려차기,1,ATTACK,BLUNT,5,10,,,적중,책장을 1장 뽑음
228,고급,1,전면전,1,DEFENSE,,4,9,사용시,긍정 감정 1 누적,,
228,고급,1,전면전,2,ATTACK,SLASH,4,8,사용시,긍정 감정 1 누적,,
229,보급,1,철의 방어,1,DEFENSE,,3,8,,,,
229,보급,1,철의 방어,2,DEFENSE,,3,7,,,,
229,보급,1,철의 방어,3,ATTACK,SLASH,2,5,,,,
230,보급,1,계급과 존중,1,ATTACK,SLASH,4,8,사용시,빛 2 회복,적중,다음 막에 출혈 2 부여
231,보급,1,에너지 방패,1,DEFENSE,,3,4,사용시,충전 3을 얻음,합 패배,충전 1을 얻음
231,보급,1,에너지 방패,2,DEFENSE,,3,7,사용시,충전 3을 얻음,,
231,보급,1,에너지 방패,3,ATTACK,PIERCE,3,5,사용시,충전 3을 얻음,,
232,보급,1,에너지 전환,1,ATTACK,BLUNT,3,7,사용시,충전 4를 소모하여 빛 3 회복,적중,책장을 1장 뽑음
232,보급,1,에너지 전환,2,ATTACK,SLASH,2,5,사용시,충전 4를 소모하여 빛 3 회복,,
233,보급,1,톱니가 이끄는 대로,1,DEFENSE,,3,7,사용시,연기 2를 얻음. 빛 2 회복,,
233,보급,1,톱니가 이끄는 대로,2,ATTACK,PIERCE,4,6,사용시,연기 2를 얻음. 빛 2 회복,,
234,보급,1,다중 베기,1,ATTACK,SLASH,3,7,사용시,책장을 1장 뽑는다. '유일' 상태라면 빛 2 회복,,
234,보급,1,다중 베기,2,ATTACK,BLUNT,1,4,사용시,책장을 1장 뽑는다. '유일' 상태라면 빛 2 회복,,
235,보급,1,격렬한 불꽃,1,ATTACK,SLASH,3,8,전투 시작,"이번 막 동안 전투 책장으로 화상을 부여할 때, 부여하는 화상 수치 +1",적중,화상 1 부여
235,보급,1,격렬한 불꽃,2,ATTACK,PIERCE,3,7,전투 시작,"이번 막 동안 전투 책장으로 화상을 부여할 때, 부여하는 화상 수치 +1",,
236,한정,1,복제,1,DEFENSE,,2,7,사용시,손에서 원래 비용이 가장 높은 책장 하나와 동일한 책장을 손에 추가한다.,,
236,한정,1,복제,2,ATTACK,SLASH,2,5,사용시,손에서 원래 비용이 가장 높은 책장 하나와 동일한 책장을 손에 추가한다.,,
237,보급,1,사검술,1,ATTACK,SLASH,3,6,사용시,책장을 1장 뽑음,,
237,보급,1,사검술,2,ATTACK,SLASH,2,4,사용시,책장을 1장 뽑음,,
238,보급,1,뱀의 표적,1,ATTACK,PIERCE,3,5,전투 시작,"이번 막 동안 전투 책장으로 출혈을 부여할 때, 부여하는 출혈 수치 +1",,
238,보급,1,뱀의 표적,2,ATTACK,PIERCE,3,7,전투 시작,"이번 막 동안 전투 책장으로 출혈을 부여할 때, 부여하는 출혈 수치 +1",적중,다음 막에 출혈 1 부여
239,보급,1,단검술 찌르기,1,ATTACK,PIERCE,2,7,사용시,다음 막에 신속 2을 얻음,,
239,보급,1,단검술 찌르기,2,DEFENSE,,4,6,사용시,다음 막에 신속 2을 얻음,,
239,보급,1,단검술 찌르기,3,ATTACK,PIERCE,3,7,사용시,다음 막에 신속 2을 얻음,적중,다음 막에 속박 1 부여
240,고급,1,페인트,1,ATTACK,SLASH,2,7,,,,
240,고급,1,페인트,2,ATTACK,BLUNT,3,7,,,,
240,고급,1,페인트,3,ATTACK,PIERCE,3,7,,,적중,다음 막에 속박 1 부여
241,고급,1,모래 베기,1,DEFENSE,,4,9,,,,
241,고급,1,모래 베기,2,ATTACK,SLASH,3,9,,,합 승리,보호 1을 얻음
242,고급,1,모래 타격,1,ATTACK,BLUNT,4,8,,,합 승리,다음 막에 인내 1을 얻음
242,고급,1,모래 타격,2,DEFENSE,,4,8,,,,
243,보급,1,보험 보상,1,ATTACK,SLASH,3,8,,이 책장을 버리면 빛 1을 회복한다.,,
243,보급,1,보험 보상,2,ATTACK,BLUNT,3,7,,이 책장을 버리면 빛 1을 회복한다.,적중,다음 막에 마비 1 부여
244,보급,1,연기 타격,1,DEFENSE,,4,8,사용시,연기 3을 얻음,,
244,보급,1,연기 타격,2,ATTACK,BLUNT,5,8,사용시,연기 3을 얻음,적중,"빛 1 회복, 연기 3 부여"
245,고급,1,연기 강타,1,EVADE,,4,8,사용시,"자신에게 연기가 9 이상 있다면, 이 책장의 모든 주사위 위력 +2",,
245,고급,1,연기 강타,2,ATTACK,SLASH,6,9,사용시,"자신에게 연기가 9 이상 있다면, 이 책장의 모든 주사위 위력 +2",적중,연기 2 부여
246,보급,1,가로지르기,1,DEFENSE,,4,8,,,,
246,보급,1,가로지르기,2,ATTACK,SLASH,4,6,,,적중,다음 막에 마비 1 부여
247,고급,1,완벽한 타격,1,DEFENSE,,4,8,,,,
247,고급,1,완벽한 타격,2,ATTACK,BLUNT,5,7,,,적중,다음 막에 취약 2 부여
248,한정,2,쑤셔넣기,1,ATTACK,PIERCE,7,12,사용시,책장을 1장 뽑음,합 승리,다음 막에 출혈 3 부여
249,한정,2,내면의 열혈,1,DEFENSE,,4,9,사용시,긍정 감정 1 누적,,
249,한정,2,내면의 열혈,2,ATTACK,SLASH,6,10,사용시,긍정 감정 1 누적,,
250,고급,2,검의 흐름,1,ATTACK,SLASH,4,8,,감정 단계가 3 이상일 경우 이 책장의 비용 -1,적중,화상 2 부여
250,고급,2,검의 흐름,2,ATTACK,SLASH,3,8,,감정 단계가 3 이상일 경우 이 책장의 비용 -1,적중,화상 1 부여
251,보급,2,속검,1,EVADE,,2,6,,,,
251,보급,2,속검,2,ATTACK,PIERCE,4,8,,,적중,다음 막에 신속 1을 얻음
251,보급,2,속검,3,ATTACK,PIERCE,3,8,,,적중,다음 막에 신속 1을 얻음
252,한정,2,질풍각,1,ATTACK,PIERCE,7,13,,,적중,책장을 1장 뽑음
252,한정,2,질풍각,2,ATTACK,PIERCE,2,6,,,,
253,고급,2,철벽,1,DEFENSE,,5,8,사용시,다음 막에 인내 1을 얻음. 감정 단계가 3 이상이면 대신 2를 얻음,,
253,고급,2,철벽,2,DEFENSE,,4,8,사용시,다음 막에 인내 1을 얻음. 감정 단계가 3 이상이면 대신 2를 얻음,,
253,고급,2,철벽,3,ATTACK,PIERCE,2,6,사용시,다음 막에 인내 1을 얻음. 감정 단계가 3 이상이면 대신 2를 얻음,,
254,고급,2,강철 너클,1,ATTACK,BLUNT,4,8,사용시,책장을 1장 뽑음,,
254,고급,2,강철 너클,2,ATTACK,BLUNT,3,7,사용시,책장을 1장 뽑음,,
254,고급,2,강철 너클,3,ATTACK,SLASH,2,6,사용시,책장을 1장 뽑음,,
255,보급,2,충격 흡수,1,DEFENSE,,7,9,사용시,충전 6을 얻음,,
255,보급,2,충격 흡수,2,ATTACK,SLASH,5,8,사용시,충전 6을 얻음,,
256,고급,2,기회입니다!,1,EVADE,,2,9,사용시,충전 5를 얻음,합 승리,충전 2를 얻음
256,고급,2,기회입니다!,2,DEFENSE,,3,7,사용시,충전 5를 얻음,,
256,고급,2,기회입니다!,3,ATTACK,BLUNT,4,7,사용시,충전 5를 얻음,,
257,한정,2,준비합시다!,1,DEFENSE,,4,8,사용시,충전 2를 소모하여 모든 아군에게 이번 막과 다음 막에 보호 1 부여,,
257,한정,2,준비합시다!,2,ATTACK,PIERCE,5,8,사용시,충전 2를 소모하여 모든 아군에게 이번 막과 다음 막에 보호 1 부여,,
257,한정,2,준비합시다!,3,EVADE,,3,8,사용시,충전 2를 소모하여 모든 아군에게 이번 막과 다음 막에 보호 1 부여,,
258,보급,2,방어 명령,1,DEFENSE,,7,10,사용시,연기 4를 얻음,,
258,보급,2,방어 명령,2,ATTACK,SLASH,4,8,사용시,연기 4를 얻음,,
259,고급,2,자동 돌격,1,ATTACK,SLASH,5,9,사용시,연기 2를 얻음,적중,연기 2 부여
259,고급,2,자동 돌격,2,ATTACK,PIERCE,3,7,사용시,연기 2를 얻음,,
260,고급,2,기습 명령,1,EVADE,,2,6,사용시,대상에게 연기가 2 이상 있다면 이 책장의 모든 주사위의 위력 +1,,
260,고급,2,기습 명령,2,ATTACK,PIERCE,4,8,사용시,대상에게 연기가 2 이상 있다면 이 책장의 모든 주사위의 위력 +1,,
260,고급,2,기습 명령,3,ATTACK,SLASH,3,8,사용시,대상에게 연기가 2 이상 있다면 이 책장의 모든 주사위의 위력 +1,,
261,고급,2,엄숙한 대행,1,DEFENSE,,3,7,,,,
261,고급,2,엄숙한 대행,2,ATTACK,PIERCE,3,5,,,,유일' 상태라면 위력 +4
261,고급,2,엄숙한 대행,3,ATTACK,PIERCE,3,7,,,,
262,고급,2,사슬 묶기,1,ATTACK,BLUNT,4,8,합 시작시,유일' 상태라면 대상 책장의 모든 주사위 위력 -1,합 승리,유일' 상태라면 대상의 다음 주사위 위력 -2
262,고급,2,사슬 묶기,2,ATTACK,PIERCE,3,8,합 시작시,유일' 상태라면 대상 책장의 모든 주사위 위력 -1,,
263,한정,2,화염일섬,1,ATTACK,SLASH,6,10,사용시,손에 '화염일섬'이 있다면 그 책장 1장을 버리고 책장을 1장 뽑는다.,적중,화상 1 부여
264,고급,2,집중 사격,1,ATTACK,PIERCE,6,8,원거리,일회성,,
264,고급,2,집중 사격,2,ATTACK,PIERCE,5,7,원거리,일회성,,
264,고급,2,집중 사격,3,DEFENSE,,3,7,원거리,일회성,,
265,보급,2,에너지 강타,1,DEFENSE,,4,7,사용시,자신에게 흐트러짐 피해 4,,
265,보급,2,에너지 강타,2,ATTACK,BLUNT,4,8,사용시,자신에게 흐트러짐 피해 4,,
265,보급,2,에너지 강타,3,ATTACK,SLASH,4,8,사용시,자신에게 흐트러짐 피해 4,적중,충전 3을 소모하여 대상에게 흐트러짐 피해 8
266,고급,2,육중한 충돌,1,DEFENSE,,4,7,사용시,충전 5을 얻음,,
266,고급,2,육중한 충돌,2,ATTACK,BLUNT,6,12,사용시,충전 5을 얻음,,
267,보급,2,신속한 제압,1,EVADE,,3,8,사용시,충전 5를 얻음,,
267,보급,2,신속한 제압,2,ATTACK,BLUNT,4,8,사용시,충전 5를 얻음,적중,다음 막에 출혈 2 부여
267,보급,2,신속한 제압,3,ATTACK,SLASH,3,8,사용시,충전 5를 얻음,적중,다음 막에 출혈 1 부여
268,고급,2,뱀 가르기,1,ATTACK,SLASH,2,4,전투 시작,이번 막 동안 참격 위력 +2,적중,다음 막에 출혈 1 부여
268,고급,2,뱀 가르기,2,ATTACK,SLASH,2,4,전투 시작,이번 막 동안 참격 위력 +2,,
268,고급,2,뱀 가르기,3,EVADE,,4,8,전투 시작,이번 막 동안 참격 위력 +2,,
269,한정,2,독니,1,ATTACK,PIERCE,4,8,,,적중,다음 막에 출혈 3 부여
269,한정,2,독니,2,ATTACK,PIERCE,3,7,,,적중,다음 막과 2막 후에 취약 1 부여
269,한정,2,독니,3,DEFENSE,,3,8,,,,
270,보급,2,내려찍기,1,ATTACK,BLUNT,8,13,,,적중,흐트러짐 저항 3 회복
270,보급,2,내려찍기,2,DEFENSE,,5,6,,,,
271,보급,2,거대한 뱀의 충격,1,DEFENSE,,2,6,전투 시작,이번 막 동안 타격으로 공격 적중 시 대상에게 흐트러짐 피해 2,,
271,보급,2,거대한 뱀의 충격,2,ATTACK,BLUNT,5,7,전투 시작,이번 막 동안 타격으로 공격 적중 시 대상에게 흐트러짐 피해 2,적중,흐트러짐 저항 3 회복
271,보급,2,거대한 뱀의 충격,3,ATTACK,BLUNT,3,6,전투 시작,이번 막 동안 타격으로 공격 적중 시 대상에게 흐트러짐 피해 2,,
272,보급,2,흘려보내기,1,EVADE,,4,10,,이 책장은 반격 이외의 주사위가 없기 때문에 행동하지 않는다.,,
272,보급,2,흘려보내기,2,ATTACK,BLUNT,3,7,,이 책장은 반격 이외의 주사위가 없기 때문에 행동하지 않는다.,,
273,보급,2,초도,1,DEFENSE,,6,9,,이 책장은 반격 이외의 주사위가 없기 때문에 행동하지 않는다.,,
273,보급,2,초도,2,ATTACK,SLASH,3,8,,이 책장은 반격 이외의 주사위가 없기 때문에 행동하지 않는다.,적중,화상 1 부여
274,고급,2,비희,1,ATTACK,SLASH,7,10,,,적중,다음 막에 힘 2를 얻음
274,고급,2,비희,2,DEFENSE,,4,8,,,,
275,보급,2,화룡참,1,ATTACK,SLASH,5,8,,,적중,화상 2 부여
275,보급,2,화룡참,2,ATTACK,PIERCE,3,7,,,,
275,보급,2,화룡참,3,DEFENSE,,4,7,,,,
275,보급,2,화룡참,4,ATTACK,SLASH,3,7,,,적중,화상 1 부여
276,보급,2,도시의 의지,1,DEFENSE,,3,7,사용시,빛 3 회복. 책장을 1장 뽑음,,
276,보급,2,도시의 의지,2,ATTACK,SLASH,3,7,사용시,빛 3 회복. 책장을 1장 뽑음,,
277,고급,2,기회 잡기,1,DEFENSE,,3,7,사용시,다음 막에 인내 2를 얻음,,
277,고급,2,기회 잡기,2,DEFENSE,,3,7,사용시,다음 막에 인내 2를 얻음,,
277,고급,2,기회 잡기,3,ATTACK,PIERCE,3,8,사용시,다음 막에 인내 2를 얻음,적중,다음 막에 속박 1 부여
278,한정,2,후루시야,1,DEFENSE,,5,8,,,,
278,한정,2,후루시야,2,ATTACK,BLUNT,3,7,,,합 승리,다음 막에 인내 2를 얻음
278,한정,2,후루시야,3,DEFENSE,,3,7,,,,
279,한정,2,자마다르,1,ATTACK,PIERCE,4,8,,"방어 주사위가 최대값이 나올 경우, 관통 주사위(4~5)가 추가된다",,
279,한정,2,자마다르,2,DEFENSE,,2,9,,"방어 주사위가 최대값이 나올 경우, 관통 주사위(4~5)가 추가된다",,
279,한정,2,자마다르,3,ATTACK,PIERCE,3,8,,"방어 주사위가 최대값이 나올 경우, 관통 주사위(4~5)가 추가된다",,
280,고급,2,등가 교환,1,EVADE,,4,7,사용시,손에 있는 무작위 책장 1장을 버림. 빛 1 회복,,
280,고급,2,등가 교환,2,ATTACK,BLUNT,4,8,사용시,손에 있는 무작위 책장 1장을 버림. 빛 1 회복,합 승리,다음 막에 출혈 2 부여
280,고급,2,등가 교환,3,ATTACK,BLUNT,3,8,사용시,손에 있는 무작위 책장 1장을 버림. 빛 1 회복,적중,다음 막에 출혈 2 부여
281,한정,2,연기 찌르기,1,DEFENSE,,3,7,사용시,연기 2를 얻음,,
281,한정,2,연기 찌르기,2,ATTACK,BLUNT,3,8,사용시,연기 2를 얻음,적중,연기 3 부여
281,한정,2,연기 찌르기,3,ATTACK,PIERCE,4,8,사용시,연기 2를 얻음,적중,"연기 2 부여, 연기 1을 얻음"
282,고급,2,밀어내기,1,ATTACK,BLUNT,4,7,,,,
282,고급,2,밀어내기,2,DEFENSE,,4,8,,,,
282,고급,2,밀어내기,3,ATTACK,PIERCE,4,8,,,적중,다음 막에 취약 2 부여
283,한정,2,휘둘러치기,1,ATTACK,SLASH,3,8,,,,
283,한정,2,휘둘러치기,2,ATTACK,BLUNT,4,8,,,적중,다음 막에 마비 1 부여
283,한정,2,휘둘러치기,3,EVADE,,4,8,,,,
284,한정,3,절묘한 순간,1,EVADE,,3,6,사용시,책장을 1장 뽑음,,
284,한정,3,절묘한 순간,2,ATTACK,SLASH,7,15,사용시,책장을 1장 뽑음,합 승리,다음 막에 출혈 3 부여
285,예술,3,감정의 격동,1,DEFENSE,,4,8,사용시,감정 단계 2마다 이 책장의 모든 주사위 위력 +1,,
285,예술,3,감정의 격동,2,ATTACK,PIERCE,5,9,사용시,감정 단계 2마다 이 책장의 모든 주사위 위력 +1,적중,화상 2 부여
285,예술,3,감정의 격동,3,ATTACK,SLASH,4,9,사용시,감정 단계 2마다 이 책장의 모든 주사위 위력 +1,적중,화상 1 부여
285,예술,3,감정의 격동,4,DEFENSE,,3,7,사용시,감정 단계 2마다 이 책장의 모든 주사위 위력 +1,,
286,고급,3,견고한 수비,1,EVADE,,3,10,사용시,책장을 1장 뽑음,,
286,고급,3,견고한 수비,2,DEFENSE,,8,17,사용시,책장을 1장 뽑음,합 승리,책장을 1장 뽑음
286,고급,3,견고한 수비,3,ATTACK,PIERCE,3,6,사용시,책장을 1장 뽑음,적중,화상 2 부여
287,예술,3,규율,1,ATTACK,PIERCE,5,11,사용시,다음 막 동안 모든 아군의 공격 주사위 피해량 +2,,
287,예술,3,규율,2,ATTACK,SLASH,5,10,사용시,다음 막 동안 모든 아군의 공격 주사위 피해량 +2,,
287,예술,3,규율,3,DEFENSE,,3,8,사용시,다음 막 동안 모든 아군의 공격 주사위 피해량 +2,,
288,한정,3,증기,1,ATTACK,SLASH,9,19,사용시,"연기 4을 얻음, 책장을 1장 뽑음",적중,연기 3 부여
289,한정,3,섬멸,1,ATTACK,SLASH,5,10,사용시,대상 처치 시 모든 아군에게 다음 막에 힘 1 부여,,대상의 체력이 50% 이하라면 위력 +1
289,한정,3,섬멸,2,ATTACK,SLASH,5,10,사용시,대상 처치 시 모든 아군에게 다음 막에 힘 1 부여,,대상의 체력이 50% 이하라면 위력 +1
290,고급,3,불꽃의 윤무,1,EVADE,,5,9,,,,
290,고급,3,불꽃의 윤무,2,ATTACK,SLASH,6,9,,,적중,대상에게 화상이 4 이상 있다면 모든 적에게 화상 1 부여
290,고급,3,불꽃의 윤무,3,ATTACK,BLUNT,5,9,,,적중,대상에게 화상이 4 이상 있다면 모든 적에게 화상 1 부여
291,보급,3,일점 사격,1,ATTACK,BLUNT,8,21,원거리,일회성,적중,다음 막에 출혈 2 부여
292,고급,3,집중,1,DEFENSE,,7,10,사용시,충전 8을 얻음,,
292,고급,3,집중,2,ATTACK,PIERCE,4,8,사용시,충전 8을 얻음,,
292,고급,3,집중,3,ATTACK,SLASH,4,6,사용시,충전 8을 얻음,,
293,한정,3,자색검,1,ATTACK,SLASH,5,15,,,,이 주사위는 위력의 효과를 2배로 받는다
293,한정,3,자색검,2,ATTACK,SLASH,3,7,,,,
294,고급,3,열상,1,ATTACK,PIERCE,5,9,,,적중,다음 막과 2막 후에 출혈 3 부여
294,고급,3,열상,2,ATTACK,PIERCE,5,8,,,적중,다음 막에 허약 1 부여
294,고급,3,열상,3,DEFENSE,,6,8,,,,
294,고급,3,열상,4,ATTACK,PIERCE,3,6,,,적중,다음 막에 출혈 2 부여
295,한정,3,결투,1,ATTACK,BLUNT,8,17,,,합 승리,대상의 다음 주사위 위력 -2
295,한정,3,결투,2,DEFENSE,,5,9,,,합 승리,대상의 다음 주사위 위력 -2
295,한정,3,결투,3,DEFENSE,,4,8,,,합 승리,대상의 다음 주사위 위력 -2
295,한정,3,결투,4,ATTACK,BLUNT,3,7,,,,
296,고급,3,뱀의 장벽,1,DEFENSE,,5,10,,이 책장은 반격 이외의 주사위가 없기 때문에 행동하지 않는다.,,
296,고급,3,뱀의 장벽,2,DEFENSE,,4,10,,이 책장은 반격 이외의 주사위가 없기 때문에 행동하지 않는다.,,
296,고급,3,뱀의 장벽,3,DEFENSE,,4,9,,이 책장은 반격 이외의 주사위가 없기 때문에 행동하지 않는다.,,
297,고급,3,약점 파악,1,DEFENSE,,6,9,사용시,이 책장의 공격 주사위들의 속성은 대상의 내성이 가장 약한 속성 중 하나로 바뀐다,,
297,고급,3,약점 파악,2,ATTACK,SLASH,5,9,사용시,이 책장의 공격 주사위들의 속성은 대상의 내성이 가장 약한 속성 중 하나로 바뀐다,,
297,고급,3,약점 파악,3,ATTACK,SLASH,5,9,사용시,이 책장의 공격 주사위들의 속성은 대상의 내성이 가장 약한 속성 중 하나로 바뀐다,,
298,보급,3,폐안,1,DEFENSE,,6,9,사용시,책장을 2장 뽑음,,
298,보급,3,폐안,2,DEFENSE,,5,8,사용시,책장을 2장 뽑음,,
298,보급,3,폐안,3,DEFENSE,,3,8,사용시,책장을 2장 뽑음,,
299,고급,3,이문,1,ATTACK,SLASH,5,9,전투 시작,이번 막 동안 화상에 의한 피해량이 10 감소한다.,적중,서로에게 화상 3 부여
299,고급,3,이문,2,DEFENSE,,6,8,전투 시작,이번 막 동안 화상에 의한 피해량이 10 감소한다.,,
299,고급,3,이문,3,ATTACK,BLUNT,5,9,전투 시작,이번 막 동안 화상에 의한 피해량이 10 감소한다.,적중,서로에게 화상 3 부여
300,한정,3,협공,1,ATTACK,BLUNT,5,8,사용시,"다른 무작위 아군 하나에게 보호 2, 흐트러짐 보호 2, 힘 1 부여",,
300,한정,3,협공,2,DEFENSE,,5,9,사용시,"다른 무작위 아군 하나에게 보호 2, 흐트러짐 보호 2, 힘 1 부여",,
300,한정,3,협공,3,ATTACK,PIERCE,4,7,사용시,"다른 무작위 아군 하나에게 보호 2, 흐트러짐 보호 2, 힘 1 부여",,
301,보급,3,맹목적인 신념,1,DEFENSE,,6,9,사용시,빛 1 회복. 이 책장의 모든 주사위 위력 -2.,,
301,보급,3,맹목적인 신념,2,ATTACK,SLASH,6,10,사용시,빛 1 회복. 이 책장의 모든 주사위 위력 -2.,,
301,보급,3,맹목적인 신념,3,ATTACK,SLASH,6,10,사용시,빛 1 회복. 이 책장의 모든 주사위 위력 -2.,,
302,한정,3,약점 찌르기,1,DEFENSE,,4,8,,,,
302,한정,3,약점 찌르기,2,ATTACK,PIERCE,9,21,,,합 승리,다음 막에 속박 1 부여
303,한정,3,마무리 일격,1,ATTACK,BLUNT,6,7,사용시,손에 있는 책장 수만큼 피해량 증가. 손에 있는 책장을 모두 버림,,
303,한정,3,마무리 일격,2,DEFENSE,,4,10,사용시,손에 있는 책장 수만큼 피해량 증가. 손에 있는 책장을 모두 버림,,
303,한정,3,마무리 일격,3,ATTACK,BLUNT,8,21,사용시,손에 있는 책장 수만큼 피해량 증가. 손에 있는 책장을 모두 버림,합 승리,출혈 5 부여
304,예술,3,즉석 개조,1,ATTACK,BLUNT,7,12,일회성,,,
305,예술,4,내장 쏟기,1,ATTACK,PIERCE,5,8,,대상의 출혈 수치만큼 피해량 증가,,
305,예술,4,내장 쏟기,2,ATTACK,BLUNT,6,15,,대상의 출혈 수치만큼 피해량 증가,,
306,고급,4,타오르는 감정,1,ATTACK,SLASH,7,11,사용시,감정 단계 2마다 이 책장의 모든 주사위 위력 +1,적중,화상 1 부여'를 2번 발동
306,고급,4,타오르는 감정,2,ATTACK,BLUNT,6,11,사용시,감정 단계 2마다 이 책장의 모든 주사위 위력 +1,적중,화상 1 부여'를 2번 발동
306,고급,4,타오르는 감정,3,ATTACK,SLASH,3,8,사용시,감정 단계 2마다 이 책장의 모든 주사위 위력 +1,,
307,한정,5,연속 절단,1,ATTACK,SLASH,4,10,,이 책장의 비용은 손에 있는 다른 '연속 절단'의 수만큼 감소한다.,,
307,한정,5,연속 절단,2,ATTACK,SLASH,4,9,,이 책장의 비용은 손에 있는 다른 '연속 절단'의 수만큼 감소한다.,,
307,한정,5,연속 절단,3,ATTACK,PIERCE,4,9,,이 책장의 비용은 손에 있는 다른 '연속 절단'의 수만큼 감소한다.,,
307,한정,5,연속 절단,4,DEFENSE,,6,10,,이 책장의 비용은 손에 있는 다른 '연속 절단'의 수만큼 감소한다.,,
308,보급,0,진군,1,ATTACK,BLUNT,3,6,사용시,빛 1 회복,,
308,보급,0,진군,2,ATTACK,SLASH,2,5,사용시,빛 1 회복,,
309,보급,0,가다듬기,1,ATTACK,PIERCE,3,8,사용시,"책장을 무작위로 1장 버리고, 다음 막 시작에 책장을 2장 뽑는다.",,
310,고급,1,신속,1,ATTACK,SLASH,3,8,사용시,다음 막에 신속 1을 얻음. 속도가 7 이상이면 이 책장의 모든 주사위 위력 +1,,
310,고급,1,신속,2,ATTACK,PIERCE,3,7,사용시,다음 막에 신속 1을 얻음. 속도가 7 이상이면 이 책장의 모든 주사위 위력 +1,,
311,보급,1,수상한 계약서,1,DEFENSE,,3,5,,이 책장을 버리면 빛을 1 회복한다.,,
311,보급,1,수상한 계약서,2,DEFENSE,,3,4,,이 책장을 버리면 빛을 1 회복한다.,,
311,보급,1,수상한 계약서,3,DEFENSE,,2,4,,이 책장을 버리면 빛을 1 회복한다.,,
312,고급,1,결속: 강화,1,ATTACK,BLUNT,3,8,결속 책장,,,
312,고급,1,결속: 강화,2,ATTACK,SLASH,3,7,결속 책장,,,
313,고급,1,시식,1,ATTACK,PIERCE,3,8,사용시,빛 2 회복,적중,저항이 2 이하라면 저항 1을 얻음
314,보급,2,잔상,1,EVADE,,4,10,전투 시작,자신에게 걸려 있는 상태이상의 수치가 절반으로 감소 (소수점 이하 올림),,
314,보급,2,잔상,2,ATTACK,PIERCE,5,9,전투 시작,자신에게 걸려 있는 상태이상의 수치가 절반으로 감소 (소수점 이하 올림),,
315,고급,2,대치,1,DEFENSE,,3,6,사용시,모든 아군에게 다음 막에 보호 1 부여,,
315,고급,2,대치,2,ATTACK,PIERCE,5,8,사용시,모든 아군에게 다음 막에 보호 1 부여,적중,흐트러짐 저항 3 회복
315,고급,2,대치,3,ATTACK,SLASH,3,7,사용시,모든 아군에게 다음 막에 보호 1 부여,,
316,고급,2,재료 다지기,1,ATTACK,SLASH,5,8,,,적중,다음 막에 출혈 3 부여
316,고급,2,재료 다지기,2,ATTACK,BLUNT,4,8,,,적중,다음 막에 출혈 2 부여
317,예술,2,즐겁게 놀아봅시다~,1,DEFENSE,,4,7,사용시,빛 4 회복,,
317,예술,2,즐겁게 놀아봅시다~,2,ATTACK,PIERCE,3,8,사용시,빛 4 회복,,
318,보급,2,끄그극,1,DEFENSE,,4,5,,,,
318,보급,2,끄그극,2,ATTACK,BLUNT,5,8,,,,
318,보급,2,끄그극,3,ATTACK,BLUNT,5,6,,,,
319,보급,2,붉은 손톱,1,ATTACK,BLUNT,4,7,,,적중,체력 2 회복
319,보급,2,붉은 손톱,2,ATTACK,SLASH,3,8,,,적중,체력 2 회복
319,보급,2,붉은 손톱,3,ATTACK,SLASH,3,7,,,적중,체력 2 회복
320,한정,2,닭의 괴성,1,ATTACK,SLASH,4,7,전투 시작,무작위 아군 2명에게 힘 1 부여,,
320,한정,2,닭의 괴성,2,DEFENSE,,3,6,전투 시작,무작위 아군 2명에게 힘 1 부여,,
320,한정,2,닭의 괴성,3,ATTACK,BLUNT,3,7,전투 시작,무작위 아군 2명에게 힘 1 부여,,
321,한정,2,결속: 연계,1,ATTACK,PIERCE,5,8,결속 책장,,,
321,한정,2,결속: 연계,2,ATTACK,SLASH,4,8,결속 책장,,,
322,한정,2,결속: 수호,1,DEFENSE,,6,9,결속 책장,,,
322,한정,2,결속: 수호,2,ATTACK,PIERCE,5,8,결속 책장,,,
323,한정,3,합,1,DEFENSE,,7,10,,,합 승리,자신의 다음 주사위 최대값 +3
323,한정,3,합,2,ATTACK,BLUNT,6,8,,,합 승리,자신의 다음 주사위 최대값 +3
323,한정,3,합,3,ATTACK,SLASH,5,8,,,,
324,고급,3,괘각,1,ATTACK,BLUNT,7,12,사용시,다음 막에 힘 1을 얻음,적중,다음 막에 힘 2를 얻음
324,고급,3,괘각,2,DEFENSE,,6,8,사용시,다음 막에 힘 1을 얻음,,
325,고급,3,하늘의 창,1,ATTACK,PIERCE,9,20,사용시,책장을 1장 뽑음,적중,대상에게 피해 5
325,고급,3,하늘의 창,2,DEFENSE,,4,8,사용시,책장을 1장 뽑음,,
326,고급,3,강격,1,ATTACK,SLASH,5,9,사용시,빛 1 회복,,
326,고급,3,강격,2,ATTACK,BLUNT,4,8,사용시,빛 1 회복,,
326,고급,3,강격,3,DEFENSE,,4,8,사용시,빛 1 회복,,
327,예술,3,합창,1,ATTACK,SLASH,5,9,전투 시작,"다른 모든 아군에게 힘 1 부여, 그 후에 이 능력을 잃는다.",,
327,예술,3,합창,2,ATTACK,BLUNT,5,9,전투 시작,"다른 모든 아군에게 힘 1 부여, 그 후에 이 능력을 잃는다.",,
327,예술,3,합창,3,ATTACK,BLUNT,5,9,전투 시작,"다른 모든 아군에게 힘 1 부여, 그 후에 이 능력을 잃는다.",,
328,예술,3,다시 타오르는 일격,1,ATTACK,PIERCE,11,22,,필립 전용 전투 책장,적중,화상 6 부여
328,예술,3,다시 타오르는 일격,2,DEFENSE,,4,5,,필립 전용 전투 책장,,
329,예술,4,최후의 공격,1,ATTACK,SLASH,5,9,사용시,모든 책장을 버린다. 이 책장의 모든 주사위의 위력 +2,,
329,예술,4,최후의 공격,2,ATTACK,PIERCE,5,9,사용시,모든 책장을 버린다. 이 책장의 모든 주사위의 위력 +2,,
329,예술,4,최후의 공격,3,ATTACK,BLUNT,5,8,사용시,모든 책장을 버린다. 이 책장의 모든 주사위의 위력 +2,,
329,예술,4,최후의 공격,4,ATTACK,BLUNT,4,7,사용시,모든 책장을 버린다. 이 책장의 모든 주사위의 위력 +2,,
330,한정,4,멈추지 않는 톱니,1,ATTACK,SLASH,7,10,사용시,연기 7을 얻음,적중,연기 4 부여
330,한정,4,멈추지 않는 톱니,2,ATTACK,SLASH,7,10,사용시,연기 7을 얻음,적중,연기 3 부여
330,한정,4,멈추지 않는 톱니,3,DEFENSE,,4,5,사용시,연기 7을 얻음,,
331,한정,4,개막식,1,DEFENSE,,6,10,사용시,책장을 1장 뽑음. 빛 1 회복. 다음 막 동안 모든 책장의 비용 1 감소,,
331,한정,4,개막식,2,DEFENSE,,6,9,사용시,책장을 1장 뽑음. 빛 1 회복. 다음 막 동안 모든 책장의 비용 1 감소,,
331,한정,4,개막식,3,DEFENSE,,5,9,사용시,책장을 1장 뽑음. 빛 1 회복. 다음 막 동안 모든 책장의 비용 1 감소,,
332,한정,5,괘격,1,ATTACK,SLASH,7,10,,,,
332,한정,5,괘격,2,DEFENSE,,6,10,,,,
332,한정,5,괘격,3,ATTACK,BLUNT,6,10,,,,
332,한정,5,괘격,4,ATTACK,PIERCE,6,9,,,,
332,한정,5,괘격,5,EVADE,,5,9,,,,
333,고급,5,과속,1,DEFENSE,,3,7,사용시,"자신의 속도가 대상의 속도보다 높다면, 이 책장의 모든 주사위 위력 +6",,
333,고급,5,과속,2,ATTACK,BLUNT,3,6,사용시,"자신의 속도가 대상의 속도보다 높다면, 이 책장의 모든 주사위 위력 +6",적중,다음 막에 신속 1을 얻음
333,고급,5,과속,3,ATTACK,BLUNT,3,6,사용시,"자신의 속도가 대상의 속도보다 높다면, 이 책장의 모든 주사위 위력 +6",적중,다음 막에 신속 1을 얻음
334,한정,7,그림자 습격,1,ATTACK,SLASH,4,8,,"이 책장이 손에 있으면, 상대의 공격 주사위와의 합에서 패배할 때마다 이 책장의 비용 1 감소.",,
334,한정,7,그림자 습격,2,ATTACK,PIERCE,3,8,,"이 책장이 손에 있으면, 상대의 공격 주사위와의 합에서 패배할 때마다 이 책장의 비용 1 감소.",,
